{
  "display": {
    "title": "Serena Elis",
    "favicon": "favicon_asset",
    "navmapThumbnail": "scene-thumbnail.png"
  },
  "owner": "",
  "contact": {
    "name": "Serena Elis",
    "email": ""
  },
  "main": "bin/game.js",
  "tags": [],
  "scene": {
    "parcels": [
      "83,74"
    ],
    "base": "83,74"
  },
  "communications": {
    "type": "webrtc",
    "signalling": "https://signalling-01.decentraland.org/"
  },
  "policy": {
    "contentRating": "E",
    "fly": true,
    "voiceEnabled": true,
    "blacklist": [],
    "teleportPosition": ""
  },
  "requiredPermissions": [
    "ALLOW_TO_MOVE_PLAYER_INSIDE_SCENE", "ALLOW_TO_TRIGGER_AVATAR_EMOTE"
  ],
  "source": {
    "version": 1,
    "origin": "builder",
    "projectId": "6657e1e7-7e27-4a10-9919-b378a2c96a00",
    "point": {
      "x": 0,
      "y": 0
    },
    "rotation": "east",
    "layout": {
      "rows": 1,
      "cols": 1
  },
  "policy": {
    "contentRating": "E",
    "fly": true,
    "voiceEnabled": true,
    "blacklist": []
  },

  "main": "bin/game.js",
  "tags": [],
  "spawnPoints": [
    {
      "name": "spawn1",
      "default": true,
      "position": {
        "x": 16,
        "y": 0,
        "z": 16
      },
      "cameraTarget": {
        "x": 8,
        "y": 1,
        "z": 8
      }
    }
  ]
}
}